seminar_id,Seminars
0061ec9d2f3b7c8075da4eff6d5f3696,1
009ead203bfc8da20cd3c7c96f0a4cc9,2
00adbcc517e4d0cafdbf2c4715a38920,1
00d6971aeaca008840d4528aa45873b1,2
00e7172ca1ce27aab6a5ada9b79273b5,3
00fd88bacaf0ebcf42a8826f8ebec091,2
0187645821cb7b683a52909093c8e0be,1
021966dcc3bb6c4e1d994cc6bf898b0f,1
027a597276d38f5929f65d538155b09c,4
02bdb8a41e00784c95c442ca79fb7606,1
02c1e2fb5bd7a488249723fedcd612d2,4
02c706f74c2571b9899d2b7b1afaf0b6,2
03ac027f74a5d52981fda1f70acd506e,1
047ff474530d026654ddb409b8492fe1,1
056377d0dbd69632f059e5c8593bded1,8
0585cf964daf833c2b19e6bb7dc80266,1
058e0b2633916140e70f600c4cc5f6e5,3
05ac062b03fcffb983d8c9b0c59e78e7,1
05fd24f6b70160ddf1a3351edc3afe47,2
0652178a0c16fcd5527b5d7a55086c6e,4
070d44edd4ddce0c997a004b3b34ec32,1
07169329afc3fcd25e2b3c2ba3b58397,2
0733a9f471ffe34fe35f1f8361178664,4
0758d6a150646292c3b09ad784af308d,3
075ab7e86e25f7192c98100375de4f63,1
07ab02ca9f62c94e25633d1602c2509a,1
07dc57b883d8983a23aa0d022a5f1221,1
07fd2e09bedb43a472c2e12cde483e91,2
084a004d114cca7d553e659deec28804,2
08b6e4091e057c8e43a0576987f3eac5,3
092b5c7b002b09a7c148932b0f59e8c7,1
094993171d710e4e675c46ff69ee39a8,1
0998a5a2dac90a4388eb5db076313961,3
0a0b4c68d740b0ce33776df4f5ef1116,1
0a12edf70acae12462aea498ec4bc4c7,6
0a83a683694d06688a60f5caa1690498,1
0b008a684502cbce72825098c1d292b9,1
0bdaff5cd8db46781fb8a4970b16e381,1
0c04713cda007bba2f74128fc09550bd,6
0c0586896e84fc519d6402f682742981,3
0c1011f42bcfd6f00b95f784911253f1,1
0cb86561e55f892b6b8842df78de1b7b,1
0cffb80fec0a3368c6219f4e4be18698,1
0d1913bf60456e252f0511a45acb5195,1
0d377eeacf3a723ff599e8d0623b74f1,2
0d71955f7214d767c14ff4b6eb311b06,1
0da3b11d1d281c32802b1cf3eec5201a,3
0ddc61fd248831a37448086e0dd50b7c,4
0df1cd91dc93c604c4f6b1c963320b07,1
0dfbdffb3aa43937a5feed3cca4eb0a2,1
0e9de8f675a4c50f696d8a9788908da5,2
0ecc80f7184ddc89fecaf159de53249f,3
0ed03a1877d12ececea7716fc1826b6c,1
0f5875d059c2d7229ec2fce30eecfd27,1
1039047ce345bd79487379745ee76e86,3
106c2ae3e9278879f6d654e23f1085a5,3
1093247ba3b885d7682fdee226c9cbe3,1
110b0698c215f08c5de160d266ab5fd2,2
116baa31937e333998172a09bd278f53,1
11d1e95d17cd4d2f8f62d812cfb7ca2b,7
12c28db073246c7b9dd0fe57959a10c1,1
130c5d4918cb2959add966748868ae5e,1
1352386485dae0b005ee46a6ca854305,1
138a10b132a7f2f3bbe9bd33fd0287e2,1
13d79b3e3f2a579f1228369bf841f964,1
13fdb5491d4ad6c18c84900c54e3049f,1
1437b1cc26ce18b53c37fdfb638d97f7,4
144d520e1b0e88d83795a70ca7484e3d,1
144ebb56cfb1df83f9dcf30e164d8216,5
14a2d0d55d1a1ea7f8748d41162c9424,2
154c3edfab8ca609ff867a3aebf256dd,1
1598e66e3d86a492c38362aeb0e634ed,9
164ba69a03c8280c044aeb86d3c039aa,1
168d4259afdc449a4544f9acc6f57176,1
16a1524c3e1f8ee3094f4ef3fa4161d3,1
16e0f08a58c66668545b187e427bcc76,3
16f0f7fd768d8ceb6222f56008aef554,4
16ff1d975f0df71006ea515f91cbaacf,3
17383a898abe12c8edf491ffc0def0bb,1
173aea395a1d6eab4b8c3111648962e7,7
174abb4d18ddeb22889051a2a2b583a7,3
17961a39784917b1689d883a1f0e17de,4
17df530b7fde4ecbc7c2893822fa0229,2
17e6f7a424c1e014758c2385b5014cca,1
1806a1f1ad86e64ff9cb672d5723c71d,1
187cc068bc18362d2950437ad6ef7d0a,4
18897e640798e682cd26e67736ad3658,1
18b1d6be444d2671c173004ed48bd616,2
18da1c1a96c769e83ec058eb10e7fbce,1
19eff31b2ca836a4f5d5d4bc4ed20fa9,1
1a8fc2c502783959fb11936c474bce28,1
1aba91f655e4a122d1f44691c51cd354,3
1abdd730c76682e5bf23dd1e98a30310,1
1c59a74f150a6c7c21dde8defb78a11b,2
1ca8926339a1d5c14e8f29b8c475ea3c,5
1da49a04143345aaf1d1fdc61a5929d1,1
1dca3c86780aff90c72fb3d5c161b751,3
1f11651ef21a99d0a44f1eff56b4c450,3
1f68090e15cc1ac9435fac42d1aeb60c,2
1f8b0f0a465b46e6fddc9d5bfeff60e7,1
1fbda3c726a1b6327834061618bac52b,2
1ff4ad69b1b90f3f5bb552ec5a5052c1,1
20652349f0a5b4519ddb47ed685dc325,1
20d2c27d2fcbed06fb6f7fb706a95847,2
21c88e6801f59a37863d76ce5ee4956e,1
21e22a2aa111ad144f091407bc724112,1
2229cb25575eacf82f185c2f34c18da2,1
226c67cb8e8f7f5c07714b481cc32e33,1
22e36fdee80e5eebff8fa8e239482ec0,2
2318b862c6083d2b7739070d62441b6b,3
23406f76af1e9b5ac63c36cc4fabb8ea,1
237def1591cda7883941ba489d985c7a,4
23f9f8bbe2304864fdce4be383df54f9,1
24a3abc87dbbb0f0165f04a304e5ab33,1
24e10289b201412fb83dc1658e3e89af,8
2561471d253812ef4b1f82bbcc841700,2
25cab15525ffac6545b1d21fce590da8,3
263f0a4b044414f1e4e0467eda54c2ee,1
267005ee89accc8325725c0367d29a53,1
2693cbce1879d10ad3a408fe8579f509,3
26e073f82061557953dc8af13d05e009,5
26e973ee4e146e0edce7ff024787bee9,2
2752c5f546751d857f9ea8df937461ec,3
275a552deb50be7a230df9c101fa1cf3,3
27c061ccf8b762eee2091f18c6ee4aa9,1
27fd29a3259fb7088f9d8ddd03bdbf70,1
283ca0f90fc60181b09cd39ac4358f88,1
285f3b241c778f1985dd14e277810fc6,4
289e8a9871c7f555d19b6ca1da6075a6,1
28ad9983ef502bc836babdcb2f73d80c,1
29df8cbf98a49a4b19a7110176b69cb1,1
2ac6aec2c92a0fada4e9114af37a9775,1
2ade377d93a54914abd567bd87512dbe,1
2bd2d7848c1e680826be7abd4f624cf4,4
2c9dd148be0a55352acb38d45af04dbd,3
2d10660a37e1a93735ac6d9723eed89f,5
2d430deb23e580bc78094ccc4a1c7320,7
2d68c327f338617536363339906fe31f,1
2d6f88792d518d67957f1b67b45f2cc2,1
2db856303e7962f79ebbcdfdc030e39e,1
2e24f10df28b80262656aa775730eb5f,1
2e42eedbce65b2af089716b6b6f8f3b4,1
2e4337c294ee9ef67a42c036ae04f6a1,1
2e474d1d2c8abb6466a0a76b4325dcfe,1
2eb4c7fd63088b78d6f647a83ca08109,3
2ec069ffcc4aba1dc6ffd6d886a7754f,4
2ec4a2a72b605c8b671a9e2702b608fd,1
2f3ebe64f099b2a889b9cece56c15606,1
2fb6493509f6b5ac67f99534929e9bb0,1
2fbaf8786d529eb1ef2394f300a409a7,1
2fe7179c81dd6407aa87ce0f39a74b72,2
2ffb3771866e2dd01d1de55d8c4fd129,3
3118ad6cdcea62700987cf7ad72eb3ac,7
31211f1c9dfcabcb82e4efb92fcf92b2,1
3134318c16b44dca039f44cfb51daaeb,2
31e4a8c1a3e6b7471aee29afc4b08ced,1
31e7e2afc692fd4259655eda833eecf8,1
3204917d70c2e7fcef11a08e02bef9c8,1
32f37f76b736ae8a1a6ddd3acc8f6515,2
33762f6c0a4f87892d7a22c4d72c550e,1
341162fc21dc61ad486820e5ac9f35c6,1
349244ba3df4bafbe43f6e785d43149a,2
34a02585624be085876a3e6642913b96,1
3505cc999b65067f16bd0ae94968acf0,3
35234e9f39e0eaffa88b388495f31a2c,1
36269f93917ef0c5e149ae409c76b652,2
363716b82259ca29fa889909432a926d,2
364a2e365be17d5cac4b5b2f4e701814,1
36bf1befb241aafe97807854a1e09662,1
36ec73b433edde1cf1fedcafa5683f59,2
37db51cb37ab29b009296d5af9235eb1,1
38361895d34c4a9b01773c4c6282ac75,1
38476617f3e1759038393312d7934926,1
38c3858fe1f7f422b1e5ae15db9544f6,6
39891b289bec083ed5eae643f9f1979c,2
39982e403e7cfc3adc27fa2afb29a994,2
39ca678ee92a2c7a2c1ec9c4e6ae9d5f,3
39df038c87c15365e5ac35d645e2ce1d,1
39f6ba2686112cc05b46ff2dc5d4f13f,2
3a394151d0c6fdf9b247f36198f5d891,1
3a401f292a916339f6461a4b82fd6c21,1
3a521e2e585454824ea5931d7b9b2e9b,2
3a5d4e99860269a94985aa21a2a779b0,2
3a8e76cb8068337332543cf7cd46ce8a,2
3ab526983fd599d63b4ae98127760f12,1
3ad5f9221ef5c56d1a347ce61a55c787,1
3b35eb12e05c6548417a460ef44dda9d,4
3c790b5ca3880b6c4d035944e946c5da,1
3ce1f1aab2cd79c75d284518503b2f23,1
3cf2abf3b0fa3957788849ad494394da,1
3d3d1108509875dd981c1fd8f5937da5,5
3d6bdb06d89b5b74aeb0886298caf3c9,1
3ddfe552c26f2a72be168219faf458da,1
3e6418f76a9da5511e109a947fa0be6d,2
3e86ae1e80ba233e4ae38a5fb1e9d7bf,4
3ecf72efab06c8d1a3681de788195d3a,1
3ef68e756941e256626eb36832d34455,1
3efe0991994b080989e990d412efd318,2
3f059fda61dbebc53c918fd18656d420,5
3f90d0b677769f58cdc95a2095bd01f8,2
4010b03c6ff83908b44d3086a19fe527,1
40bc03a0b58c8ad6271bb64fa915b197,1
411f9fa0e1cb0aefa829f70b8a9a1147,1
426352d51951c79126b7907c5b604647,1
42ac8ca562e104f7fee46ba2bd57b283,4
42e96e77589c1a12af9425bcbbfb1a92,1
432671b7c7214f85dd233e7d1f8b2fbf,2
440b311f7166472ba65bd221b7004500,2
442c827e9e4a1c48cc3c701342394c4d,1
4499618ba3def2c05e734cac75779872,1
44eeac10aa725637ef0bd82c3b95a856,1
450d135c78c9dac3cdae7456d1923d48,2
4576f16fdaed4dd13312a2724157b274,3
457c5feb897f676b70f8e940c4f7b7ec,1
45c81b42087a5eeaa0831bc37ea9c78d,1
4651a215dd019c69454a4b0d38f2e5a3,1
46db556c40e4f87e320131110127598d,2
47555cabd7f8a5ee6307d1f243f7269b,1
484bc5edf61266483eaa2382a5223a21,2
486ca1d29b22faf930a272cf9070908a,4
486de8ecd93b210675be028ef084f75e,3
489a833aff49c9f0ffba50f25c91c104,1
493a28898d5be5bbd0bf29ae27954d1a,3
495596bd9e07194e426ad57e3a3f312f,1
498874ecd196cffb60d38f6641404dba,3
499f42433a5235f5cf3c20375508e4c5,1
4a62dc286ba352edf322fa652ed78728,1
4a7c48d90f5a2fe8d788d6acdbdb50bc,2
4ab78f74f9f58c3d6ac65fbeeda4f2ce,1
4ac50860b4458b6564bb055317e814d2,1
4b04780946b420b5f66ef7b905455ddc,2
4b310069ba89fda16dbe50d2af2dab32,1
4c185583b448293424354d51c20e7ea2,1
4c8018a73acbc57ab0f111335e9119d2,1
4cba5741702f0211671f129544162de7,6
4ccd74e92923db3616f57363b85b9676,1
4d2fd5821287ab53b39683ec134e1af5,1
4db70f55c139415f432aeeab048dbd0d,2
4e13f992e789126c2a01138b868d7f86,3
4e4cf580e04bd3ab4a0ba03e6bb20871,1
4e670448ab4b796cf86b24c74398c65a,1
4e7341d4edf61902d6c28a39a929d769,2
4eb18a940a1624d097bba43ee199a3bb,2
4eb5075c43ef3581b032dc876d2e8758,2
4eb555bb9b5d267f7e5b65f04be51dd7,2
4ec51befd101b5a27f19c19c9208cb20,1
4fb31646ad75dba849ed7df7e39046a5,1
4fb5ed774214adcba2320db066b5b062,1
503fe048f565ccc610c2902e2de9cfb9,8
507217db113159295065fa261a3c2e54,2
5077f15a420166186dd7c9bf04af9989,1
508ec5a0d8f611111f5334ebdb485bcc,1
51dcb6cb5dff668b75fb8c6add42e9c5,1
5209e5ea9af7cba5ecc80436eaa6554d,3
523ac7d284c62084e4a932ac0fb52102,1
525c790c5c007580b698798e65956a48,3
52af721e9f7637e9b21f5791aa909c1c,1
52befe268018459629ce75e76f109218,2
533043f39069007f76528ce6a2bec64e,1
53467f1f95dd022cd652a8eaffa8b25e,2
53f084b81706f42f2e90780edf4984cf,1
54904bf01e97cd4812207db1400a6c65,1
54e6737dad649e3e8abeb8c3a0501a65,1
5521db6e7784f16a680177c54845ae26,1
554c1a61cb460668c40e9196f45d87f3,4
55a4d4ec784642d8acb4d7deb9cd7b1c,4
55ae6a9d3dd41ae83e299ff5a72b5451,4
55f02c62be92435a4456412b90758554,1
55f0a1e38a4d57a7e9e18ac67243ecf3,2
562cad596305104bd05dff7975f53031,1
5637fd509a46137d89d63878105a3296,3
56946345adda9e4ae0e000739138f6e5,4
56bf3983087902d2758adbf70fcfaee7,2
56d7238e1e6c88772da3ce0b727cc02b,1
56ed514e1d4ea956d37d0d94d24aa574,4
571a1b31451d58d045e1b962dcf87d3a,1
57247f64205b062106e4a0cdc54ef4ed,2
57cbf7c361d911b862f7d0e459a75318,1
57f5274b70b06c6f283b228b7cfc3278,1
58de671d36e26f5ad4e52517292099da,1
5990386b678f2c9f33f370a396c88f52,1
59a41a08df432c75e811150f42aa5d41,2
5a53b6d83af5874bc7f40b63fd6189bd,1
5b02c9697649c0b48145796dbc4f21a9,7
5b9dff4699d9333ae14723995f6d688b,1
5c7017fd1b21e6d84dc668c97e2c1873,1
5c9aa56cbbc6f969430b83389303b71d,1
5d64060224d152f071d9cede1c22f49b,1
5e6d336d8248af1d254310bddd1d7585,2
5e9465d9be791345b771e69175bf0afa,6
5f8e679c245fe478d80f0a1360f187de,4
609d3adc9149d0c7a5eff76c3ff3f995,1
60a5a58cb310924346b8e52567638686,1
60b6b76d38523ebe8693bf4a035021c3,3
6128d36548903f48f0e89d62ca8f2a22,3
61525d56ca8a1c3d8ce7a11c370d967e,1
6180e5e913bddbc5566afbd3a8c31589,1
61fb60d3f4b7d69b27cd708988d32474,1
621ffbf9dd873bf8f5edf8c954cf54a6,7
62a3af386f7d7f7eff471df9f58fa967,1
62b38a69d3feef229562d815be4e9204,1
62d1811c349a4d6b6923b3fc994df31a,1
62e9d4c3151554a136093472a872f0a5,1
64161da5d35fc66a18c6792a8b663de7,1
64525303acd93414ce1a15f907d5bcb6,3
64634aaab7cb1c9d421728f73fd4ce8c,2
64b70c4bcf71bc895b3f05c2f7510af1,1
64bbf141427a42022fdc7e7635a48d76,4
6529d18caae6215bd351484776b0e4fc,1
658577be22e4390ef0bb783858858b6d,2
65a00158564760ca35239f2edc55a366,3
660d38eea67a4c365d88678e2da151f1,1
66c17b0317ab309d8781f8253dfec608,3
67ca1d48f03362d7683801155f737944,5
682e51c923649372ac248653247b07b4,10
695d9a2aa6d39a305c7be7112865051c,2
69b5058c1858b9124807d3d39db87a52,1
69e3df66e4d5110e8ba71baae1654abe,4
69ef4fb09e416ae521ba2625d8455bb5,3
6a719027f4cbdd6e1d0b7cabde12a424,8
6ae80d80c74dac47c857a047ab529fe0,1
6af9a4db8ede728985b2753b6331d969,3
6b198e5b8b6fd0de0bf79117498baf44,2
6b6813fc0a1373900e1074a8c882ef32,3
6c4017438068f9f261888ace67fff341,3
6c9c571694428bae460d660e1d2953cb,1
6d28a4ddc5cda879a7270d4b291738a9,1
6d983231c00aef84524d2df39657f985,1
6da8837c697aa85e943775d75052c88f,2
6dd1e855ca333febcc5cb3e2b7d6f3aa,3
6e2dae7037703138527ea87400d0f33d,1
6e67d1233f4c665b715e3743e6ca730a,1
6e6ecb19702d73a9213d5b970b6ab18d,4
6e794680ac551134e56a8042d8627c5e,1
6ee6dad0254b0e094298905f85a47111,4
6efeff9e3489a5aeee9e2f74a19d0c74,2
6f0a5af15ad6f52819d6d472b1bf5498,1
6f6a5a2432d3d0ca8fa1e0e2fad95358,2
7016edcc48f8ef27dde4a30001365aba,1
70299ac131520875eda9e66f428149af,4
70a234d06d6bf9ef6ef71b7e7a5ca9a8,2
710d8f71a98286c6b452cdf0b1d4820c,5
7117f6631ad2cf6bb2806186e2fd2b50,1
7133b3a5b7f7faa5052dd699edea5335,1
7137782342ce7d2442e9ee457e293547,5
71482320d256ada782d0a2d329795c41,4
7151d43994f71b1b5f3b667ee9f62631,1
71b278fbf88844804fc490fefce302cb,3
720f3205941ed3cb0df812b89b86d781,1
7259f50a86536023e013d67690e57b08,1
72fbf9a378d1abb370c6e0ef07dd2f70,1
731ccc19cdc9f386e0725b8c25afc7e0,1
739804acc9d9722111ceff49bebaa0a5,3
73a24a9d842412a3f106655e0d7eb0b1,1
73f4628ba5e21b5415df0f4053fe1443,2
74fd9b880cc5056f88c8d95792fa9b6a,1
7501df23ce038dd6e27f7750a53e8b3d,1
7588769a7943230e760d71a4437d6ffb,7
75be9be0afc825ba7e6c081723e78e9f,3
75c9c5ddcf5aa003cab55401737b96b2,2
76535afd3425a3d65b05a087b94d01fd,1
767cf34f92674e02221eaff6968e2a0f,1
770ef603dbe4b8aa525a23330e026903,1
777c5d67d6064b0b3c4365e594f9f903,1
77da285af225f19212a9d384e139abec,1
77e3b76dc0f31ebe86f2381f1c712d9a,1
77e8dd45782b4c4ee7de887ba97ee20c,1
7868cfafd5171bb9ed8e2c31ac32551e,3
7929a90d3f56920ed6444b35e3390212,2
795c5c1aeec699d9eef54abce6c2b5f2,1
797ca5742373030079c649a2da628490,1
79c1610ab1fcf59dbf2b280c6ac6da21,2
79d3fefaec1cdc62ea8f61ed34123b9a,1
7aacab0d5a88f0ad324e6f16af0b1b17,2
7b1b105bec6579291e967aba1440c8c0,2
7ba9c2af798b4ed113cc38c7028833a4,2
7c1db2cc517fa5c4d9d75edf1005d816,2
7c581e63f92b67bfa9c0b42134ac197d,1
7c8b56180fe459252f319c6a9fafcfe0,1
7d315b125d08a7a2bd43ef994df6be32,1
7d3e155f00ba8369fb1c643ea371e813,1
7d491e936c09bc7414280d31494190f7,2
7d4b2b7b409c1fb121ce3baeccf00c09,3
7da429b69b4a929a377bc9a8c33e28bd,2
7de32ce40f5d2d2f01bf76a628c484a0,1
7df236ae65a8e08c01e9659b245234f4,1
7e03925ed2f1dab235f386620536f0da,1
7e220ce87bfa4ae94be3fb6471c59d66,1
7e4dcc053827f3b078ab07f3e8d5d8b4,1
7e71ff50cb28695f808e41aed76cf12b,1
7f13211b0e25a7fa8385ce64f4d626fd,4
7f5f71ef34e81596a9673ba1de621cac,2
7f923e6d5c7a021df29e4c451f23e462,1
7feb67b286f98744f2b2f6fd73ae0ddf,7
809010c8df20e286af4f5b0c11b39372,2
80ca3d3fd7930f8ceffe306eddc1e337,1
815513b74735652469c42d6e8a275336,1
816e86ffecde0ba519a18e7c43df9786,3
818ffbf3ac8734c828ad8ea9c593c35b,1
81b7585e414ac481bbe8a2fae8b3198c,2
82285ad6cef1b18869704310532acb8b,1
8240eef134d4a48492eb3d386bcdbb7b,1
8250fcc520dee866d49ae55df8bbe943,6
82f3db76cc1a300c21c4b13d7f85bbc3,1
832c900e69e96d1c889bd6618dcfe8da,2
835c476fb29c7939c5a52259194bb35e,1
8371df9009b01a3931f2f303967f390c,1
838605112d543e5256b13564aa661e2f,2
839677917b58786f57402f28f3cad3d9,2
83b6c2735aba50fb23e842cca39cd70b,1
84392397f99b0d9941d6849d04d8a22b,1
845bb219783342086ea3d4cfe6e8488f,1
854a3a3795623e674aad9b09e9fc7008,1
855d11f0521107b0495a0ef91631257c,1
8566036227c2ac330519dccb58938ecd,1
858c50051ee729f9a1ecc08749a71f54,1
858f624c7c326419b26b59b4c40db7e8,2
85f9efcfcdf9ad0c477b182437e71a91,1
8615d3c20ec3270d969f3b711530c79e,1
863ecaf7cedc0d88617a24150793ab4d,1
864fe62471624497d889b5475e1f4bdc,3
867f68ec5f5b19550c324aad99120281,1
879626cfa4cf42ca94ea6114f3c9fe6a,1
87af1a05680cedb2f6f23ca32eea5830,1
882c82de7f5588e3eed7eadb71bf1757,1
883963920a83935079251d7d53e90ca8,3
88ac1392e9e0c2ac81e1a9d72fcf648c,3
88c9fe725ccd0dbfb5c41455c3cc603b,3
89b3adc5de095202fa2893ab38d8dedd,3
89bb0b0559fba10e3ab8677270580eba,1
89f6d5e4be5e3ded70e299c5cfa1740a,1
8a5c1148313f085b6133cde138dd8b21,1
8a7beafb9e7b61b67b432bf0d9dbcfd9,1
8b58398b6612ee0562d70f38dce64575,3
8bcbc877f8c59d4780e2dd3075848d3b,1
8cb914b8ede93428b79bb54bcabdafab,1
8cf75843a71a2ee63ac655291bfac13d,2
8d20ceef3a0dce3398e279d64ce3d7c0,1
8d8d06d556c6ab0397b3acf3985e107c,4
8dce790bf264981019fc28e97fb6bada,2
8e0d237370a1743300bcb4805e23fde3,2
8e5dc9f789d9dbaa13533026888a3a7e,5
8ef40b4077aaa8c1815b34e01e6b90d1,2
8ef75ebc29761d805334e8af78400f11,2
8f408dbc4738d528e232f0d9b7d9adb5,1
8f59c925fea3611a81f6f308af1b2e88,1
8f88488fbc4b2a0ee1d8b473ced3d725,1
8fb084226ac1702330a7a1b19474fba4,1
8fbc2a5be6b1ec5306a9b688da6a7484,1
8fca1d04c72c77af0c9b970b8f3ae1e7,1
8fd16d206566514763571bf6675ce382,1
8fec34f9af814ce82b4bbbe7a2250460,3
900bd10969752ed8114ecd1f95e99084,1
900fc3c0da12243f301407084f2c657a,6
9017cb32932704b2e2dd5a4f4855c347,1
9019ed148d2e92e3c9247b0286c25dcd,1
905caf155a3c3985dd74653e307d515e,2
908d9833f2d60b203dbf3c603b4e9b28,7
911f527cc33afb01aeb67a4860374032,1
91609d3674d0d329f60ccfaa3cb16722,1
91a5ca8b0b6e9c88f8b26b23aa87006a,1
91ab00b00ef486a4c368e04f3034f15a,1
92325a010e20a4a62865c25b8916afa1,1
928df35a55db9394071eb4f35ba186de,3
92f2efded435e876e71de73036f03b3e,5
9305664ca6013249961cf538d99b0399,1
93ce4a6b31b29fafa801c3d737cd512a,9
94ba89dd34b4b045fbd87c49411713d3,1
9518146e9f58fe74435eeee3d8a03c53,1
9563da82055ee941c381fe34ea2c7a62,1
9587531b3629257072f24fbcf0209a2e,5
959e73c8118679f3cefd9ca1beee7a3e,4
967347b9c6eceef831e0d93d8dd83ee9,6
96f334fc64be75d2266d8eed532fd168,1
9767cfe448f9e0dd7f4142d2d7f836d6,1
979fe7f1b6266806558dc0852aadb99b,1
987bef56bbb5e8f34c76e7a04bab06f2,2
98e44a959eba41c5763f745d85343759,1
99662081f6aaa69506701a4c1b21c713,1
9982a26693db670aadcac0d2519151af,1
998be3b57482337bc511581747bfa5f0,1
99a1b55112550007e5938d5e6ed762cd,8
99b2fa9428bceb4318980e309042565f,1
99e19294d658af869eb94e7697e1a340,2
99e877811fe4df8d9848ef2abd0a1220,1
9b2f562344424cdc71ac4e963d67aaf9,1
9b71c804cc271cab84230f3752da67fe,1
9bf0271cc8b65ed1d2934f75f3fbe1e5,2
9c1956a5aaf2a21f02fef0d0c79e6070,1
9cce451e9251e45c7c8ae083a00165df,1
9cd82c4ffca7aff01ea7ad916b41dbac,1
9d3a4437e58a04fc828ec768bed0d2dd,3
9d8af955072742a8219cb36550dd6872,3
9de02fd87de6ba3784dbc369ea498530,5
9eb934fbd2682e6aed493447a66e5bdf,3
9f26fc05c5b4153a526df28c902ef30e,1
9f6878455d7fbcaabde5ff739c1e0062,5
9f73b2c3766434025ecd899636d93a2d,4
9fa31cc0960749b77682c62f8488d518,5
a00a504418bf518aecef414038437907,2
a07535da46ca99886b425d22a0e3f047,3
a12984bbe13fd3a7535c7adf30495cb1,1
a140666e6bb70f7b13d278fe2f735bf9,1
a1dd40d6b483b7ea45d5352947aa95c7,2
a1ea3887b757a5943f174c616bc5430f,1
a230922ec621a983a588380ef60049a9,1
a2523d5d755ef74bf65194f631d4177a,3
a27f5b143bbe532dffaa4bf1fef89b43,1
a2df6bc1d58ee1380fb795a69cd5a22f,1
a376fc6f6887db3b25b0a3ef6d99a9b7,1
a38852c419ef91ff1cd4f398f2c06a58,3
a3abc91ef2aaea49f21b088075d8c279,1
a3ff765e2e571bf69114df4ac76da85a,2
a444142c83fc4447c4a51095ff191334,5
a4a010a28f787a9431ca902e961d628c,1
a4b28652bb3b04ba92c0c0cb3fa42865,1
a52a1c4d374a17c8894a68036415adee,1
a537c93fc0691415e5be0a11138b6681,3
a58fa895663690a28619e0067d4f65a7,1
a617044c227232f7a4081c36f6569a94,4
a62e19769dcd449c6cffb587c24b26f7,3
a790b1fb27865fca96e081b5550da120,1
a82fe02f287975a4d3197376b202253d,3
a849fd1094bce55e1377d3f5f50408c1,1
a84db00e46153610fa1c943e7f35dd30,7
a875eca9dfcec0b64e888bb4392ae09f,1
a8e9ed782688741950fa528f965eb1ad,1
aa309a336eb1bcbff94b2548cfc42f72,2
aa6cb73991030f9e818fd1a3f360adc1,4
aaab7a31b778c5cf8f8a9a38734de079,2
abd0076152e507dfe90c9f16c76b85b8,1
ac7b37e4d917e54e6c7dc561945de8da,6
ac8600969a6ccf3a866ce808f46ac2bf,4
ac9f5f58fdfeb904fbd9fcc4582cff55,1
acad600494ca326de40d0fdd56da8beb,2
ad8f0f6051d0d12df6268d9c6c43f9c8,1
ad9b835eb303f99751727014cf7241f5,1
ae26576919494746ce542e8fd2ce70e3,1
aea4764ed87b95f64bd642f13f7ed01c,7
aeba5f685a67bf775c55b3dc9ee62fbd,1
aec60bb3b672f8ff7260bca6a7cbceeb,1
afa5ecdcc06619618dbef478fdbc5513,1
afe985e11e41a3bd39b8cf9819b01b0f,1
b00f21473800fd79013de14d2d8b3ab1,1
b01571c306cf6a4c37fbef02fb318b50,8
b02195117fa2461c143fdfdd7ab81dd5,5
b0cdb3e511a8ecd29f6cce2d49eae494,1
b0e67cfba385cf127559a027202636d8,6
b1819ddb77a4569a7f13af72d11e263e,1
b2367cd3ae2f751960adc4a45bd3efc5,1
b25ea873f1e502d50e705126c204cbda,1
b2da2c80cf7631c7518d5b7c4711fb26,1
b3016237c7cba7ba9b8b42423bf468e7,1
b30f191add2ff27ba01a7f6781e55882,1
b3a6ace61d4033f5b9312eddf6449708,1
b3efbce0f6a3fa8853de0c06f04fc7e4,1
b4381f777dbe72368477e42637a0a528,3
b45f7c84db3c34c8a28d8f696b965359,11
b494db718ba71afed60d41d143405858,1
b4e817218e81e25676fbfe14239aaae6,1
b4f8ac876245701fe6a07592d9c74bf8,4
b503a010aca037ae9b04fedc7917c6d3,1
b5561c8e5b867d3aff2e183e695cfa6d,5
b5c76ddce7d28612e49c2afef92697b4,1
b66800146b100f052451180b0ffec469,2
b6e3a28115f8491bdf3ef5ceab6af694,5
b76c49040c64239d828a6325e9ec03c9,3
b7e6e56b1cd9e5769a64213589fff9e1,1
b7ea005e5c04b24a61896f5170810101,1
b7f2789db3924fab58777222f7564104,1
b80b7b0b9135439061164b06c514b5a1,4
b81f0f3ffad97aa660fcb1cf093fdf64,1
b8b4a984c7b1d168e51c0224d578740f,2
b8bb98dce2e7b9ac0a473c11dc258e56,1
b93629fc18e6e44e6a0d804b4720e15f,1
b9885cf93a1d88fbb3509e50ba589daf,1
b9bf11a946cc01300954c01acdf65824,1
b9ed9e6ea58dabb6bfc09facfdefe817,8
ba7097c0bed2c51e459e7d339f8f0a6a,1
bb3d64af6b1ad3df779180c6599c738c,4
bc06cbd3f3026c39d0c15ec524a81861,1
bc61639ecadfd6526c20ff3ec3c4e5fe,3
bc9d7ccb863887938c951ab8f273cd25,7
bce7f01ac9ccd1dba5daa5e00fb963c1,3
bd14eb33fb0c9367677daaec12f7666d,2
bdb01de6a41498a05f85b75c09f8f2e9,1
bdde97f1c1b939d6815fba995c2e681a,8
be068f0673018002d3330a3b97d68878,4
bf52b9ddf0b263f6c88e0f14b3f08757,2
bf66782a84ac3a0cd69a375b06c97bbb,1
bfe7880d59d64597d2b70c2f52d7e112,1
c070350ca1e60e0b8fcadc59087d3f7a,1
c0eded90cc32ee4d3fdee036b5503808,1
c123dd3ccd91ea63664d24b206bb93cb,1
c14fbf969ac4dee2c959333256fc4223,1
c18872d2b0c450eb810875a4cb58d50c,5
c191a08059ad3be38e4707e044123b2b,1
c2389577cc865fc0d6a04e0ef4baab00,1
c24104435aaa05aa0a128cd39677ea34,1
c2be66caf8e17486a6acebcbf5156d9e,1
c2c34b7d682e38a02e527d3a4b73d228,3
c31af4757d4e1366a24d3cfb9b5126ae,3
c31f769db9cb53dd59e592d74288c4a7,1
c33e4ebc2f47bb5130f8237cab2dd1e9,1
c3d7f5b05bfe99eeca7f56c803945f4c,1
c3fce3b96a87895445e9248271b62eba,1
c42558e914659f08b52b770a1d6024cb,1
c48c7dabb98625dd91bdd4b57c54274c,2
c4bc3e2890cfeaec34fa98548e1a7a93,6
c4c0dadd7fc641b41da64deb4a5974f3,1
c4d00a1f090c409de1a455665233cef2,1
c51c4ffec076ce3161c1ef365f29eb94,1
c538edb38b5847eae590819af37d85cd,2
c53dea992290ad788f8bbb8fc8eec237,1
c54ebc420dc02cc15a2e1760bf5edc1c,1
c5949a2545af626b062ab833081bb3c8,1
c5a5e92411aa74896382c808c1532677,2
c69a4c3663522be09b014cdbc7f2c55d,2
c7a74cbc56a99816c8cc0a91071496fb,2
c7d898f17b57198b75e1ac6fdef5c119,1
c7e0ee402de54d2bc7cc53af75f45780,3
c7e2ebf3ad4d9b8ddb381e21a131aba9,3
c82ef947685eb4f619a651042767629d,1
c8443b25fe4e03081b656698b1eb5b9b,2
c8e4ebde281fdd17333d194fd6a673c2,3
c9221c1d58844030fd49fc5c5cfd5153,1
c957161c447ee659cb29c4cb02411eca,1
c988ad91829705e7cbc5d1563227efe3,2
c9eb0340874d09d520d2a0e07c9587d6,1
c9f5948399780bc4f44616d031974545,1
ca70d18cb20d28557c56b64eb2ad81e2,1
ca8dd114a35f95149b01c9c4fdfd799d,4
cae52a92e03d4bd4e6afd64a1866fd88,1
cb63218a24ab314244c9aa1863d2b78e,2
cb8b645e73cc5dc6017357d80c7745dd,1
cbd60fdc69d7460c0076aaafbad40020,1
cc00e798ce546294f69126f4c2811b94,1
cc6d6710cf6a99d6389255e6b41c0e14,1
ccd27b64b0a282663266d37503adb3b3,1
ce07046640af78a1f1df4903adff5ac1,1
ce0cefcdbb978ff154dbc0160381e1e6,3
ce606eb633a1fcb24fc12019e67dafb4,1
ce74d639c48de399097458721c53832d,2
cea0b726ac966672726b4fa7b502f72f,1
cefb952e43926e9e1f559777f0ff8aa4,1
cf72275034fb9da73f75597cc5919a91,2
cf97a9b256b6fe9f58160e72e5855ce9,1
d02cdffb419ddc488ffe2c454ad12605,4
d073ec6e3186497817056fe235b50b65,1
d0bc954c3a7b70fa3e4f676bc820065b,3
d0f7c40190d3f6afbe6dab3ac3283dc5,5
d10a438e4877658ac5bc82bf7ae89772,1
d1a75fbe3cce91d9fcb08c98e4ea40b4,2
d268ce0b18c7265e9a8274358a035857,3
d329188b646b76c90628d46498bc475f,1
d334b0e7ba85fbcc8bba2ada516a5daf,2
d380702b7aae1d7142abfad5ba746a58,5
d3b72a88b1b8187f2da80badfde7b8fb,3
d3da0dd5537f5ff745325673e0848e50,1
d4be71df6d9744270b832bed4d4b16a2,1
d4bf3f0c06ff022251ac7512010c3b92,2
d4f5ca3ca2dbc27d9ac734c3258dee54,1
d4faf9f800c06335279ed2fc4c0c7058,1
d50ae6ac1e425f2bb173d8f447f507f4,1
d571b52a4239db077915de3e42a63b73,2
d581ff1b33a8840d8ca93ca4ad1b6918,3
d5a0e2b5c2cd4061619114d4948d86b6,1
d5b488185ba1ce55872086da55cbb320,2
d5f786d596880daef4d0e29e451f3961,1
d60e39dff70c2754c7463c66f5b24288,2
d617c120e4d148df192434787e821526,1
d65edacd8d23a1875e5bfccb048b1b1c,1
d6c61bfcd948da8ad5bc97dd49bd5d31,1
d6d3681abaa8316e92f835cbf7474d32,4
d7a3bccacffb83d8444b96afba0ceebd,3
d7adb9ebf9a424c2c956ce0843cfdec9,1
d8386909d9d708ae9bd9af2579213a3d,1
d891bf1aba06a8c8f1386bf71d5ab3e0,1
d89ba5503940856c5f47df36e864e251,2
d8a557779740cfa8d99f1f55c0df9359,2
d8b5e7a528088758df57abb7d6d5cd60,1
d94c63d155fe5adb62a37b33dd5b36e0,1
d996de91079fda566b9843f05fc3e811,1
da2f8d9892ccbea2df1465dc1a407881,5
da3a1eae4c697e5f57e24fa9cce2e9ed,10
da79d347dae4d6f023f863464c4b4714,1
da7fcdccf3c208eb19c16ec9c96d3078,2
db36e85519d3472fedad12d2c185e6a3,4
db50c1d2822dfe293816ff9ab2d8ecac,1
dc6a78cc9bce1f2d899e79ba74d7da05,1
dca5860d804b57f443df8fac08aec09c,1
dd2db6ce919e0b6a708e730a41a8fa5d,1
ddb1d267e039262c0837afc6f81e1976,2
de0b1ec3f1e09e8df19dd21f587811db,2
de2ff69de287336532afe413fbaaf7f2,8
de5240619c662568955ab267ca5bbffd,1
de625982650d7f07b3aa27435ab19765,1
de668009ace563fb24f01335d69f20f6,4
de763c832d0ae0b074d2e5e6b38427a0,2
de7a1ac7a7daf3e6ac157d2c6d20d00c,5
deb59249f72727578c5c2883331b09c6,1
df23fb2fe5d540b79c89546692c5ee2d,2
dfd2ad29c307b2c6ed4c30e4c03eddf2,5
dffd7adf33e86a3213c87b7faa74c611,4
e0546f470cd64ba36693f29ed5455f4c,3
e0733ced5e0f1695762a67b49c6823fe,2
e0bb13e972a6b7777b3ba8fe95caa935,1
e170ba89ca877ccdade0ba5182efa3fe,1
e2ca7c62d63aec38570e81f4a9877bd6,1
e315240dc35aa0d7b218f6b7a6482995,1
e34477b55c35da70d8914ba4c4fa50f1,3
e3452b6b850d42286ebb9452da4a0859,1
e3f0c9baec1fe5880857d9c8e9b9f792,1
e428bb8b092b3278ce2ba98a987b9867,1
e4d8d39baec6ca12f324f4e8cf0aee52,3
e5fd852fcf98345268fc3c484098035e,1
e616cec5cb84eeb37f1f10df38d6e8d1,7
e72e2048d073d4aa178e428d49df428f,1
e733be8ba8d5b3cc6b71cb0018857384,3
e79b8a9770fb38bf4e54fd46d4c23780,1
e838d53b886374156602383cfe9a8087,5
e8814a3b12023cae9f073ae6bd9d5cd4,1
e90f943f5536229b4572312f2117f6cd,1
e93fe92bdd487dc74889802418b5df17,1
ea33f1281697838c1290930843c5e13a,1
eb65b4d5c11ce32e0a84bd74b5f22b8d,2
eb95ca2d9cc952f038078f54e5b3e343,2
ed01edd2b9e554cccef1cecbe1881f52,1
ed688fc0f962073c1e68557e94853f54,3
edc47c41ba0099bd1e6395b72e8e387f,1
ede20ada1ce61fd2c8004759cf70f550,1
edf9baacff103af660389f2c88102458,6
eec7fdcbd6b82f9a1e00584162ea5cf2,2
eecd126e71758f44c120c33a651b8604,3
ef2f873862cfd6d617375a850150ff0b,8
ef757bc1e664fe9ab4036f2d2848b6c7,2
ef95fab28f304a6c75d7d12289d1af24,1
f0918dbc4ae6b05d2fc1712d8b534dc6,3
f0f989666fa8dfdce5f48ebc52038432,1
f17517d03202bd9e4fe727769f6c498d,1
f2c33e557905d9b57ce40a253c3d8690,3
f30a8e5b370758efa7398ff92780ffa5,9
f322af63991afca508e026851984c114,1
f33b82fc258902f4b1fd87b5e5a14547,1
f37b193c8afe4492a950d600947b373f,1
f3fb5c52bce2653ba13e074510a6d0c9,2
f3fe39c0b663465184f9da365a6f5954,6
f4c99e32bf6b919c3a81c4fe6da66e68,1
f619424fe6e52e2f116e51c80a973740,3
f63db1bd69275ab669c2e39b7b7d532d,2
f71d12dc29a594db901bc90d9ffe5299,1
f804c81e7731b23ceeacd49a491d72c7,1
f836c86064621a985545af840eeede71,3
f8a887531d9c000835813e47bcda6a55,3
f8cd131f6d6c5bfc9f8bc552b785b1ed,1
f96b2f725c6535cfede478f469517e53,1
f9e3efa40708af0628d5d7c57f68b276,3
fa88d010a64712d2f77faa21c0a42bf2,1
fa9335a21100e7ccabbb172e34ee05ba,2
fae52ab15b4c2855e33f3ec5a9a5c134,1
fb6f729d43dddb32f9b411818abed13a,1
fb7cd0dc1ab82c0e10e838c05b035bd5,4
fb9eb720233394907b386530543c2c78,1
fbb26498eaabaecc95915948d96a89f9,1
fc32798d097b74a2b68fa6274f064025,1
fd2d9a2660b5b49afb1a89a7f75dbc35,2
fd538a5f8c6b65b3d76fbd29a3ca6ad2,1
fdd1e5060aafa91016e4c8777ae48613,5
fed87a11abd564647da1169f0f68d374,4
fedef84291f7f1c7dfb0748e32eef63c,3
ff07cb0466a7c937ec2d9a96875d061a,3
ff0c5cfa0caedd4d87ac1d71d9f5b98e,2
ff8d4a04582b3645f049202e637f4550,6
ffb6c2dfc9f9403acda1844999ef99b9,1
fff06d0869cb46bb8cc4cc97c95bdef0,1
fffee3c7f0947c5e27b2df018b02907a,4
